Geographic Area Name,Median Total Household Earnings,Total Households for Black Americans,High School Graduate or Higher % for Black Males,Bachelor's Degree or Higher % for Black Males,naics,est,Internship Postings by County (in Thousands)
"Cook County, Illinois",111894.56024096385,480816.0,87.12887154337626,22.412330704469067,Educational Services,2209,25.0
"Harris County, Texas",100314.27075812274,351926.0,90.14741621818223,25.941160073424523,Educational Services,1385,21.0
"King County, Washington",162934.1052631579,54765.0,90.31096138044371,30.26980188076326,Educational Services,1489,9.0
"Kings County, California",81824.24137931035,2554.0,90.88382928739232,27.54772905246672,Educational Services,19,N/A
"Los Angeles County, California",117089.3025995126,311590.0,89.29360794633975,27.49847363522578,Educational Services,4548,14.0
"Orange County, California",146437.6595744681,19013.0,86.24655235891234,36.22400462841214,Educational Services,1779,8.0
"Philadelphia County, Pennsylvania",89702.95865633075,261888.0,86.3452449138563,17.777157792644182,Educational Services,597,6.0
